,Player,Season,Born ,Age,Squad,Nation,Previous Market Value,Market Value,Position,App,Minutes,Goals,Passes,Assists,Yellow,Red,SubOn,SubOff,Shots,SOT,HitPost ,HeadClear,HeadGoal,PKScored,FKGoal,Offsides,ThrBall,Misses,Corners,Crosses,Blocks,Interceptions,Fouls,Last man ,Tackles,ELG,OwnGoal,Clears,ABW,ABL
0,Éder,2015-2016,1987,27,Swansea City,Portugal,5500000,4500000,FW,13,269,0,86,0,0,0,11,2,5,1,0,5,0,0,0,1,0,0,0,2,0,0,11,0,4,0,0,7,9,20
1,Álvaro Morata,2017-2018,1992,25,Chelsea,Spain,44000000,58500000,FW,31,2067,11,576,6,7,0,7,12,79,34,1,13,7,0,0,29,3,45,0,19,4,6,41,0,13,0,0,20,54,59
2,Álvaro Morata,2018-2019,1992,25,Chelsea,Spain,58500000,45000000,FW,16,943,5,229,0,0,0,5,7,35,16,0,4,0,0,0,20,1,19,0,3,1,0,19,0,8,0,0,6,18,28
3,Álvaro Negredo,2016-2017,1985,30,Middlesbrough,Spain,8250000,6750000,FW,36,2877,9,862,4,5,0,3,13,69,23,0,46,1,0,0,17,3,5,0,8,3,10,45,0,18,0,0,65,175,177
23,Abel Hernández,2016-2017,1990,25,Hull City,Uruguay,7200000,7200000,FW,24,1428,4,252,3,0,0,8,10,39,18,0,1,1,0,0,11,1,0,0,1,0,3,19,0,8,0,0,3,22,50
24,Aboubakar Kamara,2018-2019,1995,23,Fulham,France,4400000,2480000,FW,13,690,3,226,0,2,0,8,2,21,10,0,2,0,0,0,7,0,11,0,18,0,1,24,0,8,0,0,5,12,15
37,Adama Diakhaby,2018-2019,1996,22,Huddersfield Town,France,7700000,7200000,FW,12,553,0,147,0,1,0,6,5,7,3,0,0,0,0,0,2,1,4,1,14,0,1,7,0,6,0,0,1,6,15
38,Adama Diomande,2016-2017,1990,26,Hull City,Norway,1350000,1350000,FW,22,1169,2,320,0,1,0,9,6,23,6,0,5,0,0,0,10,3,0,0,4,1,7,19,0,24,0,0,7,35,39
39,Adama Traoré,2015-2016,1996,19,Aston Villa,Spain,5500000,6300000,FW,10,184,0,30,0,1,0,10,1,2,0,0,0,0,0,0,0,0,0,0,21,0,0,4,0,0,0,0,0,0,2
40,Adama Traoré,2018-2019,1996,22,Wolves,Spain,16500000,13500000,FW,29,892,0,270,0,0,0,21,8,19,7,0,4,0,0,0,6,0,12,0,35,0,6,15,0,16,0,0,6,22,36
42,Ademola Lookman,2018-2019,1997,20,Everton,England,10800000,18000000,FW,21,601,0,253,2,0,0,18,1,12,3,1,0,0,0,0,2,1,9,7,15,0,7,8,0,15,0,0,2,6,5
51,Ahmed Musa,2016-2017,1992,23,Leicester City,Nigeria,16500000,15300000,FW,21,753,2,214,0,1,0,14,6,17,6,0,2,0,0,0,1,0,1,2,26,0,10,13,0,13,0,0,2,10,31
58,Alberto Paloschi,2015-2016,1990,25,Swansea City,Italy,5400000,5400000,FW,10,669,2,199,0,2,0,3,5,15,7,1,3,0,0,0,6,1,3,0,5,1,7,17,0,7,0,0,4,5,16
62,Aleksandar Mitrovic,2015-2016,1994,21,Newcastle United,Serbia,9900000,13800000,FW,34,2113,9,721,4,4,2,12,8,79,30,2,26,4,2,0,16,4,8,0,7,6,7,50,0,24,0,0,32,85,112
63,Aleksandar Mitrovic,2018-2019,1994,24,Fulham,Serbia,13500000,22500000,FW,37,3281,11,1026,3,7,0,0,2,131,48,5,48,6,0,0,34,4,83,0,6,8,6,61,0,19,0,0,53,240,245
64,Alex Iwobi,2015-2016,1996,19,Arsenal,Nigeria,1100000,3600000,FW,13,632,2,368,0,0,0,5,7,15,7,1,1,0,0,0,0,3,0,0,8,0,3,3,0,8,0,0,1,2,6
65,Alex Iwobi,2016-2017,1996,20,Arsenal,Nigeria,3600000,9000000,FW,26,1462,3,896,3,1,0,8,14,39,11,0,1,1,0,0,3,6,0,2,18,4,8,7,0,19,0,0,4,4,10
66,Alex Iwobi,2017-2018,1996,21,Arsenal,Nigeria,9000000,13500000,FW,26,1843,3,1137,5,1,0,4,17,45,23,1,4,0,0,0,0,12,22,1,20,1,7,11,0,19,0,0,8,3,14
67,Alex Iwobi,2018-2019,1996,22,Arsenal,Nigeria,13500000,22900000,FW,35,1972,3,951,6,0,0,13,15,35,14,0,4,0,0,0,2,3,21,1,57,1,12,8,0,28,1,0,10,4,21
73,Alexander Sørloth,2018-2019,1995,22,Crystal Palace,Norway,6300000,5400000,FW,12,173,0,59,0,0,0,12,0,4,0,0,3,0,0,0,0,0,4,0,0,0,0,4,0,2,0,0,3,18,9
75,Alexandre Lacazette,2017-2018,1991,26,Arsenal,France,38500000,54000000,FW,32,2211,14,722,4,1,0,6,16,68,35,2,1,2,2,0,23,9,33,0,16,3,7,28,0,24,0,0,4,29,61
76,Alexandre Lacazette,2018-2019,1991,27,Arsenal,France,54000000,63000000,FW,35,2505,13,771,8,2,0,8,9,81,30,1,22,0,0,1,24,10,51,0,29,1,15,51,0,35,0,0,29,47,93
78,Alexis Sanchez,2016-2017,1988,28,Arsenal,Chile,49500000,58500000,FW,38,3223,24,1643,10,6,0,2,8,129,49,5,0,3,0,2,27,48,8,6,66,1,24,49,0,53,0,0,4,14,51
79,Alexis Sanchez,2015-2016,1988,26,Arsenal,Chile,49500000,49500000,FW,30,2446,13,1434,4,1,0,2,12,107,38,5,3,2,0,1,13,36,11,15,64,3,24,32,0,47,0,0,6,22,42
80,Alexis Sanchez,2017-2018,1988,29,Arsenal,Chile,58500000,49500000,FW,31,2553,9,1455,6,5,0,2,11,88,35,4,0,1,1,0,26,29,53,54,97,2,23,31,0,41,0,0,0,21,43
81,Alexis Sanchez,2018-2019,1988,29,Manchester United,Chile,49500000,31500000,FW,20,877,1,382,3,0,0,11,8,17,9,0,0,0,0,0,8,6,8,5,24,0,9,14,0,17,0,0,0,7,22
96,André Ayew,2015-2016,1989,25,Swansea City,Ghana,14300000,16200000,FW,34,2937,12,1056,0,5,0,0,15,67,27,2,9,4,0,1,9,7,7,1,23,2,23,35,0,55,0,0,13,45,89
97,André Ayew,2016-2017,1989,26,West Ham United,Ghana,16200000,16200000,FW,25,1440,6,431,3,1,0,9,11,34,13,2,6,2,0,0,5,0,5,0,7,0,10,14,0,17,0,0,10,21,56
98,André Ayew,2017-2018,1989,28,Swansea City,Ghana,16200000,13500000,FW,30,1843,3,582,4,5,0,11,8,26,12,1,8,0,0,0,6,5,14,0,16,1,9,24,0,34,0,0,11,46,99
102,Andre Gray,2016-2017,1991,25,Burnley,England,450000,9000000,FW,32,2267,9,371,3,2,0,6,14,47,19,0,0,0,2,1,35,0,6,0,26,1,4,17,0,10,0,0,1,4,27
103,Andre Gray,2017-2018,1991,26,Watford,England,9000000,13500000,FW,31,1496,5,299,2,1,0,15,12,34,13,0,2,2,0,0,12,2,21,0,9,0,4,11,0,2,0,0,3,17,53
104,Andre Gray,2018-2019,1991,27,Watford,England,13500000,13500000,FW,29,1360,7,236,2,2,0,16,8,35,17,0,2,0,0,0,15,0,18,0,8,1,2,12,0,3,0,0,4,17,54
117,Andros Townsend,2015-2016,1991,24,Newcastle United,England,8800000,9900000,FW,16,1153,4,392,2,0,0,4,3,29,16,2,2,0,0,1,0,0,0,29,87,0,11,7,0,29,0,0,10,0,8
121,Andy Carroll,2018-2019,1989,29,West Ham United,England,9000000,7200000,FW,12,455,0,136,0,2,0,9,2,14,6,1,7,0,0,0,3,0,8,0,1,2,1,11,0,4,0,0,8,46,43
122,Andy Carroll,2015-2016,1989,26,West Ham United,England,9000000,9000000,FW,27,1434,9,435,0,2,0,14,5,56,25,1,21,5,1,0,7,2,5,0,8,7,7,38,0,9,0,0,28,113,88
123,Andy Carroll,2016-2017,1989,27,West Ham United,England,9000000,9000000,FW,18,1313,7,435,1,3,0,3,6,39,14,0,34,2,0,0,4,1,1,1,10,2,6,24,0,5,0,0,38,164,92
124,Andy Carroll,2017-2018,1989,28,West Ham United,England,9000000,9000000,FW,16,746,3,248,0,5,1,9,3,28,8,1,14,1,0,0,6,0,20,0,10,2,2,28,0,3,0,0,15,76,53
134,Anthony Knockaert,2018-2019,1991,26,Brighton and Hove Albion,France,7200000,7200000,FW,30,1833,2,616,6,4,1,12,7,27,9,0,2,0,0,0,3,1,18,46,107,0,29,22,0,33,0,0,6,16,8
136,Anthony Martial,2015-2016,1995,19,Manchester United,France,8800000,28500000,FW,29,2632,11,923,4,2,0,2,2,57,25,1,11,1,0,0,17,6,3,1,49,4,9,40,0,21,0,0,18,56,91
137,Anthony Martial,2016-2017,1995,20,Manchester United,France,28500000,27000000,FW,25,1559,4,608,6,2,0,7,11,42,18,2,5,0,0,0,6,6,1,6,56,1,9,26,0,17,0,0,9,21,37
138,Anthony Martial,2017-2018,1995,22,Manchester United,France,27000000,58500000,FW,30,1581,9,731,5,1,0,12,13,49,16,0,4,1,1,0,8,4,33,6,48,1,3,17,0,15,0,0,6,14,25
139,Anthony Martial,2018-2019,1995,22,Manchester United,France,58500000,54000000,FW,27,1624,10,707,2,2,0,9,11,39,23,0,3,0,0,0,6,7,16,1,34,0,3,14,0,9,0,0,8,18,18
147,Arouna Koné,2015-2016,1983,31,Everton,Cote D'Ivoire,1350000,2250000,FW,25,1458,5,580,4,1,0,9,10,36,14,0,4,1,0,0,4,2,6,0,9,1,9,15,0,25,0,0,7,15,46
151,Ashley Barnes,2016-2017,1989,26,Burnley,Austria,2200000,2250000,FW,28,1775,6,448,2,6,1,8,12,45,19,0,15,0,2,0,21,3,2,0,7,8,4,53,0,21,0,0,25,101,175
152,Ashley Barnes,2017-2018,1989,28,Burnley,Austria,2250000,7200000,FW,36,2157,9,510,0,10,0,15,7,60,22,0,12,1,0,0,26,3,38,0,16,5,2,53,0,21,0,0,18,89,227
153,Ashley Barnes,2018-2019,1989,28,Burnley,Austria,7200000,9000000,FW,37,2386,12,518,2,8,0,11,10,65,30,2,16,2,2,0,22,5,35,1,6,8,2,54,0,28,0,1,24,132,228
154,Ashley Fletcher,2016-2017,1995,20,West Ham United,England,550000,3150000,FW,16,354,0,91,0,2,0,14,0,9,5,0,3,0,0,0,1,0,1,0,6,0,0,9,0,3,0,0,3,12,27
166,Ayoze Pérez,2015-2016,1993,22,Newcastle United,Spain,7200000,8800000,FW,34,2045,6,588,2,4,0,12,12,50,16,0,6,0,0,0,5,5,3,33,73,3,28,35,0,56,0,0,13,7,29
167,Ayoze Pérez,2017-2018,1993,24,Newcastle United,Spain,7200000,9000000,FW,36,2494,8,718,5,3,0,8,13,60,23,1,10,0,0,0,14,14,37,0,22,1,24,36,1,39,0,1,24,44,89
168,Ayoze Pérez,2018-2019,1993,25,Newcastle United,Spain,9000000,18000000,FW,37,2927,12,779,2,0,0,3,15,55,28,1,14,4,0,0,9,6,27,0,22,4,42,46,0,60,0,0,28,26,78
172,Bafétimbi Gomis,2015-2016,1985,29,Swansea City,France,7300000,6300000,FW,33,1694,6,509,0,0,0,15,8,59,17,2,13,0,1,0,38,0,6,0,3,0,6,17,0,7,0,0,19,31,45
188,Benik Afobe,2015-2016,1993,22,AFC Bournemouth,The Democratic Republic Of Congo,1650000,6300000,FW,15,936,4,224,0,0,0,3,10,14,0,0,6,3,0,0,9,0,4,0,4,0,2,15,0,5,0,0,9,10,31
189,Benik Afobe,2016-2017,1993,23,AFC Bournemouth,The Democratic Republic Of Congo,6300000,8100000,FW,31,1454,6,297,3,1,0,17,7,39,18,2,16,0,0,0,14,0,13,2,2,2,5,21,0,9,0,0,19,40,65
190,Benik Afobe,2017-2018,1993,24,AFC Bournemouth,The Democratic Republic Of Congo,8100000,9000000,FW,17,533,0,152,0,0,0,12,5,3,3,0,5,0,0,0,4,0,0,0,2,0,0,9,0,4,0,0,6,24,38
202,Bobby De Cordova-Reid,2018-2019,1993,25,Cardiff City,England,9000000,9000000,FW,27,1422,5,311,2,0,0,11,9,27,9,0,4,0,0,0,11,2,18,0,6,0,3,5,0,16,0,0,12,11,36
203,Bojan,2015-2016,1990,25,Stoke City,Spain,7700000,9000000,FW,27,1709,7,728,1,2,0,5,17,36,15,0,0,1,2,0,3,10,0,15,32,0,15,9,0,18,0,0,1,2,11
204,Borja Bastón,2016-2017,1992,23,Swansea City,Spain,5500000,9000000,FW,18,547,1,180,0,0,0,14,1,15,3,1,3,0,0,0,4,0,3,0,6,1,3,3,0,5,0,0,6,7,29
220,Callum McManaman,2015-2016,1991,24,West Bromwich Albion,Spain,5500000,3600000,FW,37,3202,2,1798,3,7,0,1,3,10,0,0,47,0,0,0,1,1,0,0,57,16,86,39,0,114,0,0,102,46,39
222,Callum Wilson,2016-2017,1992,24,AFC Bournemouth,England,8100000,9000000,FW,20,1363,6,191,0,0,0,4,14,31,12,2,1,2,3,0,18,0,2,0,9,3,5,30,0,6,0,0,1,5,28
223,Callum Wilson,2017-2018,1992,25,AFC Bournemouth,England,9000000,9000000,FW,28,1987,8,393,2,0,0,5,14,53,19,0,7,1,0,0,20,3,34,2,15,3,3,37,0,9,0,0,15,21,80
224,Callum Wilson,2018-2019,1992,26,AFC Bournemouth,England,9000000,27000000,FW,30,2534,14,440,9,3,0,0,8,65,30,2,10,3,0,0,19,2,35,0,20,4,4,41,0,9,0,0,15,46,90
231,Cameron Jerome,2015-2016,1986,28,Norwich City,England,3300000,2250000,FW,10,692,0,353,0,0,0,4,1,1,1,0,10,0,0,0,0,0,0,0,27,4,11,8,0,8,0,0,17,10,23
234,Cenk Tosun,2017-2018,1991,26,Everton,Turkey,9900000,20700000,FW,14,991,5,263,0,0,0,2,7,19,8,0,8,2,0,0,9,2,11,1,7,4,1,25,0,6,0,0,11,0,67
235,Cenk Tosun,2018-2019,1991,27,Everton,Turkey,20700000,16200000,FW,25,1050,3,258,3,3,0,15,6,37,17,0,1,1,0,0,8,1,20,0,4,0,5,17,0,13,0,0,3,37,56
247,Charlie Austin,2018-2019,1989,29,Southampton,England,9000000,7200000,FW,25,980,2,197,2,1,0,14,11,32,9,0,10,1,0,0,9,0,23,0,0,2,2,14,0,13,0,0,13,42,82
248,Charlie Austin,2017-2018,1989,28,Southampton,England,11700000,9000000,FW,24,1030,7,244,0,2,0,14,7,48,25,2,4,3,1,0,14,1,23,0,2,3,1,16,0,7,0,0,10,41,71
249,Charlie Austin,2016-2017,1989,27,Southampton,England,11700000,11700000,FW,15,939,6,255,1,1,0,4,9,37,17,2,10,1,2,0,8,2,3,0,9,1,4,14,0,14,0,0,13,43,50
261,Chicharito,2017-2018,1988,29,West Ham United,Mexico,19800000,16500000,FW,28,1543,8,373,0,3,0,12,7,29,16,2,0,2,0,0,14,4,13,1,18,1,6,15,0,11,0,0,1,14,34
262,Chicharito,2018-2019,1988,30,West Ham United,Mexico,13500000,10800000,FW,25,1337,7,322,1,2,0,11,12,37,18,0,5,2,0,0,11,7,19,0,9,1,1,9,0,3,0,0,8,12,26
273,Chris Wood,2017-2018,1991,26,Burnley,New Zealand,11000000,16200000,FW,24,1633,10,415,1,1,0,4,13,39,24,1,13,3,0,0,27,1,15,0,5,4,0,18,0,7,0,0,16,83,105
274,Chris Wood,2018-2019,1991,26,Burnley,New Zealand,16200000,16200000,FW,38,2594,10,599,2,2,0,9,16,59,23,5,16,6,0,0,53,4,36,0,12,4,3,26,0,13,0,0,26,132,170
275,Christian Atsu,2018-2019,1992,26,Newcastle United,Ghana,6600000,6600000,FW,28,1488,1,383,0,2,0,13,7,28,14,0,3,0,0,0,4,3,14,3,42,3,7,13,0,24,0,0,14,10,59
277,Christian Benteke,2015-2016,1990,24,Liverpool,Belgium,22000000,24300000,FW,29,1518,9,516,3,2,0,15,3,61,20,1,12,3,1,0,17,1,9,1,1,0,0,29,0,8,0,0,13,130,96
278,Christian Benteke,2016-2017,1990,25,Crystal Palace,Belgium,24300000,25200000,FW,36,3137,15,920,2,10,0,0,7,105,40,4,39,7,2,0,36,1,12,0,0,1,6,81,0,9,0,0,48,322,215
279,Christian Benteke,2017-2018,1990,27,Crystal Palace,Belgium,25200000,19800000,FW,31,2236,3,672,5,6,0,7,3,60,21,0,31,2,1,0,12,3,39,0,3,3,3,48,0,11,0,0,43,242,185
280,Christian Benteke,2018-2019,1990,27,Crystal Palace,Belgium,19800000,13500000,FW,16,813,1,241,1,1,0,7,6,26,8,2,11,1,0,0,10,0,18,0,1,2,0,18,0,5,0,0,14,90,60
293,Chung-Yong Lee,2015-2016,1988,27,Crystal Palace,South Korea,1000000,1350000,FW,13,385,1,177,0,0,0,9,4,5,0,0,1,0,0,0,0,0,0,8,18,0,6,4,0,15,0,0,3,5,8
294,Chung-Yong Lee,2016-2017,1988,28,Crystal Palace,South Korea,1350000,1350000,FW,15,466,0,199,1,0,0,11,4,4,2,0,1,0,0,0,0,0,0,3,14,0,4,5,0,15,0,0,2,5,10
301,Collin Quaner,2017-2018,1991,26,Huddersfield Town,Germany,1100000,1350000,FW,26,1272,0,422,4,4,0,13,5,16,4,0,2,0,0,0,3,0,12,1,22,4,11,14,0,22,0,0,13,15,26
302,Connor Wickham,2015-2016,1993,22,Crystal Palace,England,4500000,5400000,FW,21,1324,5,387,3,1,0,6,10,34,9,2,15,0,1,0,2,0,4,0,11,3,4,32,0,13,0,0,20,55,103
311,Cristhian Stuani,2016-2017,1986,29,Middlesbrough,Uruguay,4400000,3150000,FW,23,1361,4,383,0,4,0,7,12,21,10,0,9,1,0,0,4,0,2,0,25,3,10,21,0,35,0,0,15,47,39
320,Dame N'Doye,2015-2016,1985,30,Sunderland,Senegal,5000000,2700000,FW,11,567,1,187,0,2,0,6,1,9,4,0,5,0,0,0,5,2,0,0,7,0,7,20,0,12,0,0,6,21,34
332,Daniel Sturridge,2017-2018,1989,28,Liverpool,England,18000000,13500000,FW,15,547,2,158,1,0,0,8,6,24,8,0,1,1,0,0,3,1,16,0,4,0,0,1,0,0,0,0,1,3,6
333,Daniel Sturridge,2018-2019,1989,28,Liverpool,England,13500000,13500000,FW,18,499,2,190,0,0,0,14,1,18,6,0,0,0,0,0,4,2,12,0,3,0,0,5,0,3,0,0,0,4,18
334,Daniel Sturridge,2016-2017,1989,26,Liverpool,England,22000000,18000000,FW,20,769,3,278,1,1,0,13,7,40,21,4,0,1,0,0,7,3,3,1,7,1,2,5,0,1,0,0,0,3,12
335,Daniel Sturridge,2015-2016,1989,25,Liverpool,England,22000000,22000000,FW,14,979,8,317,1,0,0,3,5,48,23,2,3,3,0,0,7,4,5,0,11,0,3,2,0,3,0,0,4,5,24
338,Danny Graham,2015-2016,1985,29,Sunderland,England,1350000,1350000,FW,10,358,0,88,0,0,0,6,4,4,0,0,4,0,0,0,1,0,1,0,3,3,5,8,0,1,0,0,6,11,21
339,Danny Ings,2018-2019,1992,26,Southampton,England,7200000,13500000,FW,24,1666,7,392,3,1,0,1,18,55,23,1,2,2,3,0,6,5,32,0,14,2,5,16,0,30,0,0,7,19,58
347,Danny Ward,2018-2019,1991,26,Cardiff City,England,1350000,1350000,FW,14,440,1,92,0,0,0,10,5,11,6,0,7,1,0,0,3,0,5,0,2,1,0,2,0,2,0,0,9,31,38
348,Danny Welbeck,2015-2016,1990,24,Arsenal,England,15300000,15300000,FW,11,578,4,148,2,1,0,4,7,20,11,0,6,2,0,0,0,0,3,0,2,0,2,6,0,11,0,0,6,10,17
349,Danny Welbeck,2016-2017,1990,25,Arsenal,England,15300000,13500000,FW,16,746,2,192,2,0,0,8,6,19,8,0,7,0,0,0,2,0,5,0,0,1,6,7,0,8,0,0,10,17,14
350,Danny Welbeck,2017-2018,1990,27,Arsenal,England,13500000,13500000,FW,28,1185,5,392,2,1,0,16,7,32,13,1,8,2,0,0,4,2,19,0,2,1,11,13,0,20,0,0,12,24,33
394,Diafra Sakho,2015-2016,1989,25,West Ham United,Senegal,9000000,10800000,FW,21,1525,5,344,1,3,0,3,11,48,18,0,14,0,0,0,12,0,8,0,24,0,9,19,0,15,0,0,19,54,100
395,Diafra Sakho,2017-2018,1989,28,West Ham United,Senegal,9000000,4500000,FW,14,294,2,64,0,2,0,14,0,3,3,1,2,0,0,0,5,0,0,1,3,0,1,4,0,5,0,0,2,16,27
397,Diego Costa,2015-2016,1988,26,Chelsea,Spain,45000000,40500000,FW,28,2379,12,824,6,8,0,1,6,68,28,1,19,0,0,0,33,2,9,1,12,4,6,43,0,21,0,0,25,42,92
398,Diego Costa,2016-2017,1988,27,Chelsea,Spain,40500000,45000000,FW,35,3089,20,1034,7,10,0,0,8,111,42,4,30,2,0,0,26,12,12,2,9,3,7,43,0,18,0,0,39,44,110
400,Dieudonne Mbokani Bezua,2015-2016,1985,30,Norwich City,The Democratic Republic Of Congo,12100000,6300000,FW,29,1588,7,484,1,0,0,14,5,37,20,1,17,1,0,0,29,0,6,0,8,1,3,17,0,11,0,0,22,119,141
401,Dieudonne Mbokani Bezua,2016-2017,1985,31,Hull City,The Democratic Republic Of Congo,6300000,4500000,FW,12,763,0,172,1,0,0,4,3,14,4,0,4,0,0,0,12,1,0,0,3,2,1,14,0,3,0,0,5,39,61
402,Dimitri Payet,2015-2016,1987,28,West Ham United,France,14300000,20700000,FW,30,2571,9,1269,12,3,0,1,6,69,28,2,2,0,0,2,3,19,1,159,290,0,23,13,0,24,1,0,2,2,10
406,Divock Origi,2015-2016,1995,20,Liverpool,Belgium,9900000,9900000,FW,16,666,5,164,1,0,0,9,5,24,12,1,0,2,0,0,10,0,3,0,14,0,0,11,0,5,0,0,1,7,29
407,Divock Origi,2016-2017,1995,21,Liverpool,Belgium,9900000,10800000,FW,34,1459,7,391,3,0,0,20,9,38,15,2,1,1,0,0,13,0,4,0,31,2,3,22,0,11,0,0,2,31,89
408,Divock Origi,2018-2019,1995,23,Liverpool,Belgium,9000000,18000000,FW,12,367,3,108,1,0,0,8,3,13,6,1,0,2,0,0,3,0,7,0,5,0,0,2,0,6,0,0,0,4,12
412,Dominic Solanke,2017-2018,1997,20,Liverpool,England,3300000,7200000,FW,21,583,1,197,1,0,0,16,2,22,8,1,4,0,0,0,0,3,14,0,3,1,2,13,0,7,0,0,7,21,38
413,Dominic Solanke,2018-2019,1997,20,AFC Bournemouth,England,7200000,9000000,FW,10,340,0,99,0,0,0,8,2,11,3,0,4,0,0,0,1,1,8,0,0,1,2,2,0,8,0,0,9,15,24
415,Duncan Watmore,2015-2016,1994,21,Sunderland,England,1000000,2250000,FW,23,907,3,156,0,0,0,16,3,14,8,0,3,0,0,0,9,0,2,0,23,0,2,5,0,7,0,0,4,5,17
417,Dusan Tadic,2015-2016,1988,27,Southampton,Serbia,13500000,15300000,FW,34,2290,7,872,12,2,0,7,19,56,16,0,3,0,1,0,9,8,4,40,201,0,24,25,0,37,0,0,18,9,20
418,Dusan Tadic,2016-2017,1988,28,Southampton,Serbia,15300000,15300000,FW,33,2426,3,1061,5,4,0,3,19,63,21,2,2,0,1,0,9,20,6,65,184,2,17,30,0,19,0,0,10,4,14
419,Dusan Tadic,2017-2018,1988,29,Southampton,Serbia,15300000,13500000,FW,36,2810,6,1111,3,4,0,2,23,40,16,0,5,0,1,0,10,14,24,31,121,2,19,46,0,46,1,0,18,8,42
420,Dwight Gayle,2015-2016,1990,24,Crystal Palace,England,4400000,5400000,FW,16,768,3,144,0,1,1,8,5,22,9,1,1,0,0,1,2,0,5,0,9,0,3,20,0,11,0,0,3,22,35
421,Dwight Gayle,2017-2018,1990,27,Newcastle United,England,11000000,11000000,FW,35,1961,6,433,3,3,0,12,15,57,21,1,10,1,0,0,22,4,36,0,5,2,6,23,0,12,0,0,17,67,92
423,Eden Hazard,2015-2016,1991,24,Chelsea,Belgium,66000000,58500000,FW,24,2190,4,1415,3,2,0,6,6,36,14,0,4,0,0,0,10,7,1,7,44,1,13,15,0,21,0,0,4,11,23
424,Eden Hazard,2016-2017,1991,25,Chelsea,Belgium,58500000,67500000,FW,36,3002,16,1750,5,3,0,0,25,77,33,0,0,0,2,0,8,6,9,46,84,0,28,19,0,18,0,0,4,20,34
425,Eden Hazard,2017-2018,1991,26,Chelsea,Belgium,67500000,99000000,FW,34,2432,12,1369,4,2,0,6,17,71,37,0,0,0,2,0,16,4,34,25,51,0,3,13,0,6,0,0,0,8,19
426,Eden Hazard,2018-2019,1991,27,Chelsea,Belgium,99000000,135000000,FW,37,2925,16,1819,15,2,0,5,8,93,43,3,3,0,4,0,11,13,50,92,145,0,13,12,0,14,0,0,4,20,33
431,Elias Kachunga,2017-2018,1992,25,Huddersfield Town,The Democratic Republic Of Congo,3150000,3150000,FW,19,1338,1,339,1,1,0,2,11,12,5,0,3,0,0,0,5,1,7,0,24,1,2,20,0,30,0,0,7,17,35
432,Elias Kachunga,2018-2019,1992,26,Huddersfield Town,The Democratic Republic Of Congo,3150000,2700000,FW,20,1181,0,296,0,2,0,7,6,14,3,0,5,0,0,0,9,0,11,0,15,1,4,24,0,22,0,0,9,23,30
434,Emmanuel Adebayor,2015-2016,1984,31,Crystal Palace,Togo,5500000,2250000,FW,12,616,1,230,1,1,0,5,5,12,4,1,4,1,0,0,11,0,2,0,6,0,1,10,0,2,0,0,7,20,43
435,Emmanuel Emenike,2015-2016,1987,28,West Ham United,Nigeria,11000000,9000000,FW,13,509,0,142,0,0,0,8,4,10,0,0,3,0,0,0,7,0,2,0,6,1,1,5,0,5,0,0,4,10,29
439,Enner Valencia,2015-2016,1989,25,West Ham United,Ecuador,12000000,9000000,FW,19,1009,4,248,2,1,0,9,7,34,12,0,15,0,0,1,9,0,4,7,24,0,10,11,0,19,0,0,16,23,42
440,Enner Valencia,2016-2017,1989,26,Everton,Ecuador,9000000,9000000,FW,24,921,3,228,1,1,0,16,7,31,12,0,6,0,0,0,6,2,3,0,23,1,11,26,0,16,0,0,12,18,52
448,Eric Maxim Choupo-Moting,2017-2018,1989,28,Stoke City,Cameroon,5400000,7200000,FW,30,2247,5,641,5,3,0,4,9,60,20,1,11,1,0,0,14,1,40,0,35,3,23,21,0,42,0,0,25,60,74
469,Fabio Borini,2015-2016,1991,24,Sunderland,Italy,6600000,4500000,FW,26,1899,5,550,0,6,0,4,11,48,18,0,9,0,1,0,2,4,3,6,29,2,22,31,0,24,0,0,30,25,52
470,Fabio Borini,2016-2017,1991,25,Sunderland,Italy,6500000,5400000,FW,24,1740,2,503,0,5,0,5,5,33,14,0,11,0,0,0,0,2,0,2,37,2,23,27,0,20,0,0,27,27,34
471,Fabio Borini,2016-2017,1991,25,Sunderland,Italy,5400000,4500000,FW,24,1849,0,709,0,8,0,3,5,5,2,0,42,0,0,0,4,2,0,0,70,7,35,29,1,63,0,0,66,42,39
477,Felipe Anderson,2018-2019,1993,25,West Ham United,Brazil,33000000,36000000,FW,36,3051,9,1667,4,3,0,0,11,58,25,2,3,0,0,0,5,22,33,49,121,0,41,27,0,89,0,0,12,10,26
484,Fernando Llorente,2016-2017,1985,31,Swansea City,Spain,5400000,5400000,FW,33,2453,15,900,1,2,0,5,14,52,26,2,27,8,0,0,12,0,5,0,8,4,2,51,0,18,0,0,36,156,125
485,Fernando Llorente,2017-2018,1985,32,Tottenham,Spain,6600000,6300000,FW,16,225,1,88,0,1,0,15,1,2,2,0,5,1,0,0,2,0,0,0,0,0,0,4,0,6,0,0,6,15,17
486,Fernando Llorente,2018-2019,1985,33,Tottenham,Spain,6300000,3150000,FW,20,684,1,223,4,2,0,14,3,24,5,1,9,1,0,0,5,1,19,0,1,2,1,12,0,4,0,1,10,54,50
491,Florian Thauvin,2015-2016,1993,22,Newcastle United,France,13100000,13100000,FW,13,420,0,172,0,1,0,10,3,8,1,0,0,0,0,0,2,2,0,16,47,0,7,5,0,8,0,0,2,2,9
492,Florin Andone,2018-2019,1993,25,Brighton and Hove Albion,Romania,6600000,6600000,FW,23,873,3,165,0,5,0,15,8,19,8,0,5,2,0,0,4,0,11,0,5,1,3,28,0,10,0,0,12,37,73
493,Floyd Ayité,2018-2019,1988,29,Fulham,Togo,3300000,2250000,FW,16,468,1,192,0,0,0,13,2,7,1,0,2,0,0,0,4,0,6,2,6,1,7,6,0,4,0,0,3,6,7
495,Fraizer Campbell,2015-2016,1987,27,Crystal Palace,England,3850000,2250000,FW,11,360,0,76,0,1,0,7,4,4,1,0,2,0,0,0,6,0,2,0,3,0,4,8,0,3,0,0,2,7,13
496,Fraizer Campbell,2016-2017,1987,28,Crystal Palace,England,2250000,1800000,FW,12,154,1,46,0,0,0,12,0,4,1,0,1,1,0,0,0,0,0,0,1,0,0,2,0,3,0,0,2,3,8
504,Gabriel Agbonlahor,2015-2016,1986,29,Aston Villa,England,4400000,2250000,FW,15,1036,1,223,2,0,0,2,7,10,6,0,2,0,0,0,3,0,1,0,12,1,2,21,0,6,0,0,9,26,49
505,Gabriel Jesus,2016-2017,1997,19,Manchester City,Brazil,8800000,27000000,FW,10,650,7,242,4,2,0,2,3,24,13,0,0,1,1,0,9,2,3,0,2,0,2,11,0,5,0,0,1,8,14
506,Gabriel Jesus,2017-2018,1997,20,Manchester City,Brazil,27000000,72000000,FW,29,1671,13,591,3,6,0,10,14,56,33,3,4,3,0,0,15,7,23,0,2,0,8,28,0,23,0,0,6,21,45
507,Gabriel Jesus,2018-2019,1997,21,Manchester City,Brazil,72000000,63000000,FW,29,1021,7,357,3,1,0,21,4,43,25,1,2,2,0,0,13,2,18,0,4,2,3,12,0,10,0,0,3,15,40
529,Gerard Deulofeu,2015-2016,1994,21,Everton,Spain,5900000,8100000,FW,26,1384,2,523,8,2,0,10,11,9,6,0,0,0,0,0,2,10,1,32,141,0,14,3,0,16,0,0,5,1,7
530,Gerard Deulofeu,2016-2017,1994,22,Everton,Spain,8100000,8100000,FW,11,457,0,164,0,1,0,7,3,7,3,1,0,0,0,0,10,0,1,8,37,0,4,2,0,6,0,0,0,0,4
531,Gerard Deulofeu,2018-2019,1994,24,Watford,Spain,12600000,22500000,FW,30,2079,10,718,5,3,0,4,20,60,22,1,2,0,0,0,34,8,38,9,62,0,14,14,0,11,0,0,3,3,19
536,Glenn Murray,2015-2016,1983,31,AFC Bournemouth,England,2750000,3150000,FW,21,795,3,203,0,2,0,13,7,25,14,0,5,2,0,0,13,0,4,0,6,3,3,26,0,7,0,0,9,27,31
537,Glenn Murray,2017-2018,1983,34,Brighton and Hove Albion,England,3850000,2700000,FW,35,2196,12,664,0,9,0,10,15,53,25,0,19,3,4,0,35,4,28,0,9,4,5,60,0,18,0,0,27,117,151
538,Glenn Murray,2018-2019,1983,34,Brighton and Hove Albion,England,2700000,2700000,FW,38,2512,13,606,1,5,0,8,14,54,21,1,9,2,4,0,38,0,33,0,8,3,2,80,0,17,0,0,16,175,184
541,Gonzalo Higuaín,2018-2019,1987,30,Chelsea,Argentina,66000000,31500000,FW,14,1092,5,316,0,0,0,1,8,46,15,2,3,0,0,0,11,5,31,0,2,0,1,6,0,10,0,0,5,7,13
548,Graziano Pellè,2015-2016,1985,30,Southampton,Italy,12900000,12900000,FW,30,2173,11,872,6,6,0,7,4,81,25,2,22,5,0,0,16,8,4,0,19,1,10,40,0,13,0,0,30,108,82
555,Hélder Costa,2018-2019,1994,24,Wolves,Portugal,11000000,16500000,FW,25,1345,0,442,2,0,0,9,14,25,7,0,3,0,0,0,6,3,18,6,50,0,9,20,0,18,0,0,5,10,35
556,Hal Robson-Kanu,2016-2017,1989,27,West Bromwich Albion,Wales,3300000,2250000,FW,29,683,3,166,2,3,0,24,4,16,6,0,8,0,0,0,5,0,2,0,12,0,4,28,0,5,0,0,8,19,37
557,Hal Robson-Kanu,2017-2018,1989,28,West Bromwich Albion,Wales,2250000,2250000,FW,21,822,2,184,0,2,1,13,6,19,8,1,4,1,0,0,6,1,11,0,19,3,4,20,0,5,0,0,9,24,45
562,Harry Kane,2015-2016,1993,22,Tottenham,England,27500000,36000000,FW,38,3368,25,962,1,5,0,0,9,158,75,7,18,1,5,0,30,5,18,7,44,9,21,42,0,29,0,1,31,76,142
563,Harry Kane,2016-2017,1993,23,Tottenham,England,36000000,54000000,FW,30,2531,29,597,7,3,0,1,16,110,58,3,15,2,5,0,17,2,11,1,29,0,4,23,0,22,0,0,21,46,66
564,Harry Kane,2017-2018,1993,24,Tottenham,England,54000000,108000000,FW,37,3083,30,657,2,5,0,2,9,184,76,6,14,6,2,0,42,13,108,1,20,4,5,34,0,17,0,0,19,60,78
565,Harry Kane,2018-2019,1993,25,Tottenham,England,108000000,135000000,FW,28,2427,17,551,4,5,0,1,4,102,46,2,12,2,4,0,10,9,56,0,12,6,1,31,0,9,0,0,14,49,68
580,Ibrahim Afellay,2015-2016,1986,29,Stoke City,Netherlands,3400000,4500000,FW,23,2105,2,1274,2,3,1,7,10,39,8,0,6,1,0,0,2,3,1,31,68,1,11,19,0,27,0,0,12,14,16
592,Isaac Mbenza,2018-2019,1996,22,Huddersfield Town,Belgium,3850000,4500000,FW,22,982,1,232,1,1,0,12,7,16,5,0,0,0,0,0,5,1,11,5,34,0,5,8,0,10,0,0,4,2,10
593,Isaac Success,2016-2017,1996,20,Watford,Nigeria,3600000,3600000,FW,19,505,1,131,1,2,0,17,1,14,7,0,5,1,0,0,1,0,3,1,13,2,7,12,0,16,0,0,9,5,8
594,Isaac Success,2018-2019,1996,22,Watford,Nigeria,2200000,4500000,FW,30,1039,0,349,0,4,0,21,6,29,10,0,10,0,0,0,12,2,19,0,13,0,2,24,0,15,0,0,11,31,59
595,Isaiah Brown,2017-2018,1997,20,Brighton and Hove Albion,England,4500000,4500000,FW,13,306,0,129,0,0,0,9,4,1,1,0,0,0,0,0,1,0,0,0,7,0,1,3,0,3,0,0,2,13,24
596,Islam Slimani,2016-2017,1988,28,Leicester City,Algeria,20000000,22500000,FW,23,1279,7,423,4,1,0,10,7,35,13,2,2,5,1,0,11,3,7,0,3,3,3,27,0,12,0,0,3,54,79
597,Islam Slimani,2017-2018,1988,29,Leicester City,Algeria,22500000,16800000,FW,16,370,1,157,1,1,0,13,2,4,4,0,2,0,0,0,4,2,0,0,7,0,1,3,0,2,0,0,3,13,27
599,Ivan Cavaleiro,2018-2019,1993,24,Wolves,Portugal,11000000,11000000,FW,23,683,3,294,1,1,0,17,6,13,4,2,3,0,0,0,6,1,9,17,54,0,4,13,0,5,0,0,4,9,23
601,Jürgen Locadia,2018-2019,1993,24,Brighton and Hove Albion,Netherlands,13600000,10800000,FW,26,1229,2,331,0,0,0,14,5,28,10,0,4,0,0,0,11,0,18,0,12,0,9,22,0,15,0,0,9,23,43
615,Jacob Murphy,2017-2018,1995,22,Newcastle United,England,6300000,6300000,FW,25,1145,1,281,1,0,0,12,8,22,7,0,3,0,0,0,0,0,15,4,40,0,6,8,0,13,0,0,9,7,24
653,Jamie Vardy,2015-2016,1987,28,Leicester City,England,5000000,16200000,FW,36,3139,24,625,6,5,0,0,7,115,53,6,6,2,5,0,26,3,22,2,49,3,18,42,0,35,0,0,7,92,198
654,Jamie Vardy,2016-2017,1987,29,Leicester City,England,16200000,13500000,FW,35,2808,13,529,5,2,0,2,8,53,26,0,4,0,0,0,25,0,6,1,47,0,8,26,0,15,0,0,9,90,121
655,Jamie Vardy,2017-2018,1987,30,Leicester City,England,13500000,18000000,FW,37,3255,20,463,1,3,0,0,11,71,35,0,12,3,5,0,44,1,36,1,39,1,2,29,0,15,0,0,17,76,124
656,Jamie Vardy,2018-2019,1987,31,Leicester City,England,18000000,18000000,FW,34,2728,18,416,4,3,1,4,12,79,40,3,21,3,4,0,37,3,39,0,28,1,6,19,0,14,0,0,27,67,109
673,Jay Rodriguez,2015-2016,1989,26,Southampton,England,10000000,11600000,FW,12,346,0,94,0,1,0,9,3,17,6,0,2,0,0,0,3,2,2,0,4,1,2,4,0,5,0,0,2,7,8
674,Jay Rodriguez,2016-2017,1989,27,Southampton,England,11600000,9000000,FW,24,881,5,234,2,0,0,15,6,33,15,0,13,0,0,0,9,3,4,0,8,1,2,15,0,6,0,0,15,40,43
675,Jay Rodriguez,2017-2018,1989,28,West Bromwich Albion,England,9000000,10800000,FW,37,2823,7,704,1,2,0,6,18,69,25,2,30,2,1,0,18,4,44,3,30,2,19,43,0,31,0,0,37,76,84
681,Jefferson Montero,2015-2016,1989,25,Swansea City,Ecuador,6050000,5000000,FW,15,1357,0,365,2,0,0,9,9,20,6,1,0,0,0,0,4,0,2,2,111,0,9,11,0,21,0,0,2,11,13
682,Jefferson Montero,2016-2017,1989,26,Swansea City,Ecuador,5000000,4000000,FW,13,375,0,94,1,0,0,11,4,4,1,0,2,0,0,0,2,0,0,6,38,0,0,1,0,7,0,0,2,0,3
687,Jeremain Lens,2015-2016,1987,27,Sunderland,Netherlands,12000000,9900000,FW,20,1293,3,385,3,3,1,6,7,26,7,1,2,0,0,0,4,6,0,18,80,0,3,27,0,36,0,0,10,21,19
688,Jermain Defoe,2017-2018,1982,34,AFC Bournemouth,England,4500000,2250000,FW,24,1083,4,131,1,1,0,13,9,27,15,3,0,0,0,0,9,1,12,0,5,0,4,12,0,12,0,0,0,2,18
689,Jermain Defoe,2015-2016,1982,32,Sunderland,England,5850000,5850000,FW,33,2550,15,425,0,3,0,5,5,85,39,1,0,0,1,0,43,4,7,0,13,0,2,17,0,17,0,0,2,8,34
690,Jermain Defoe,2016-2017,1982,33,Sunderland,England,5850000,4500000,FW,37,3322,15,456,2,1,0,0,2,99,31,2,0,0,5,0,36,1,7,0,19,2,3,24,0,20,0,0,2,2,21
691,Jesé,2017-2018,1993,24,Stoke City,Spain,6750000,6750000,FW,13,616,1,146,1,0,0,5,8,13,5,0,2,0,0,0,0,0,8,3,13,0,0,5,0,10,0,0,3,0,9
692,Jesús Navas,2015-2016,1985,30,Manchester City,Spain,18000000,18000000,FW,34,2279,0,1268,7,1,0,10,8,31,8,0,3,0,0,0,4,7,4,53,176,0,21,18,0,29,0,0,11,9,33
708,Joel Campbell,2015-2016,1992,23,Arsenal,Costa Rica,4500000,7200000,FW,19,887,3,342,0,0,0,8,10,19,7,0,2,0,0,0,3,6,2,1,11,3,10,9,0,26,0,0,3,6,11
716,Johann Gudmundsson,2016-2017,1990,26,Burnley,Iceland,2250000,2250000,FW,20,994,1,296,2,1,0,10,7,17,8,2,6,0,0,0,1,1,0,28,72,4,18,4,0,20,0,0,20,13,19
730,Jonathan Calleri,2016-2017,1993,22,West Ham United,Argentina,11000000,7200000,FW,16,537,1,119,0,0,0,12,4,16,3,0,2,0,0,0,9,3,4,0,15,0,4,10,0,5,0,0,3,9,14
733,Jonathan Walters,2015-2016,1983,31,Stoke City,Ireland,4400000,3150000,FW,27,1724,5,492,3,1,0,9,4,32,13,0,18,0,0,0,25,2,4,0,36,6,5,14,0,8,0,0,26,81,103
747,Jordan Ayew,2015-2016,1991,23,Aston Villa,Ghana,6600000,8250000,FW,30,2352,7,800,0,6,1,3,7,59,21,2,5,1,1,0,10,0,1,0,43,2,23,48,0,40,0,0,8,61,85
748,Jordan Ayew,2016-2017,1991,24,Swansea City,Ghana,8250000,8250000,FW,14,863,1,240,3,1,0,5,3,12,6,1,2,1,0,0,6,0,0,0,19,0,7,18,0,14,0,0,5,7,37
749,Jordan Ayew,2017-2018,1991,26,Swansea City,Ghana,8250000,7200000,FW,36,2856,7,835,2,2,1,3,10,66,21,4,10,1,1,0,8,3,45,0,45,3,24,63,0,82,1,0,17,52,122
750,Jordan Ayew,2018-2019,1991,26,Crystal Palace,Ghana,7200000,7200000,FW,20,1187,1,265,2,3,0,6,11,27,3,0,2,0,0,0,9,2,24,0,15,0,7,31,0,38,0,0,5,32,90
772,José Izquierdo,2017-2018,1992,25,Brighton and Hove Albion,Colombia,9000000,12600000,FW,32,1987,5,523,3,2,0,9,12,52,16,0,9,0,0,0,14,0,36,0,23,0,16,20,0,23,0,0,25,15,31
773,José Izquierdo,2018-2019,1992,26,Brighton and Hove Albion,Colombia,12600000,9000000,FW,15,794,0,205,1,0,0,6,5,15,3,0,2,0,0,0,4,0,12,0,6,1,5,6,0,15,0,0,7,3,15
775,Joselu,2015-2016,1990,25,Stoke City,Spain,5400000,5400000,FW,22,1090,4,379,1,0,0,12,4,29,16,0,3,1,0,0,8,1,6,1,14,1,6,19,0,14,0,0,11,57,39
776,Joselu,2017-2018,1990,27,Newcastle United,Spain,5400000,3150000,FW,30,1716,4,593,1,2,0,11,15,47,17,1,24,0,0,0,3,1,30,0,6,2,11,30,0,22,0,0,35,145,122
777,Joselu,2018-2019,1990,28,Newcastle United,Spain,3150000,3600000,FW,16,587,2,208,0,1,0,11,1,17,5,1,10,2,0,0,4,1,12,0,3,0,3,5,0,14,0,0,14,44,39
781,Joshua King,2015-2016,1992,23,AFC Bournemouth,Norway,1100000,3600000,FW,21,1924,6,444,2,1,0,7,18,54,20,1,9,0,0,0,16,2,2,1,24,1,9,37,0,29,0,0,12,30,51
782,Joshua King,2016-2017,1992,24,AFC Bournemouth,Norway,3600000,7200000,FW,36,2719,16,715,2,1,0,5,13,67,31,2,25,0,2,0,5,2,4,4,42,6,19,58,0,49,0,0,39,39,69
783,Joshua King,2017-2018,1992,25,AFC Bournemouth,Norway,7200000,9000000,FW,33,2453,8,689,3,3,0,6,9,51,21,1,9,0,2,0,4,5,30,0,34,3,4,45,0,36,0,0,14,68,82
784,Joshua King,2018-2019,1992,26,AFC Bournemouth,Norway,9000000,18000000,FW,35,2970,12,802,3,3,0,1,14,72,23,1,9,1,5,0,7,11,49,1,43,5,7,53,0,30,0,0,13,89,119
788,Juan Mata,2015-2016,1988,27,Manchester United,Spain,31400000,27900000,FW,38,2898,6,1803,5,4,1,4,15,57,22,1,3,0,1,1,9,7,0,49,98,0,23,22,0,30,0,0,19,4,14
793,Juninho Bacuna,2018-2019,1997,20,Huddersfield Town,Curacao,1650000,3150000,FW,21,1415,1,715,0,4,0,5,7,19,8,1,1,1,0,0,1,6,11,16,34,1,23,33,0,46,1,0,11,17,22
800,Karlan Grant,2018-2019,1997,20,Huddersfield Town,England,1000000,4500000,FW,13,874,4,212,0,0,0,4,1,21,12,0,0,1,0,0,4,0,9,0,9,0,2,8,0,5,0,0,0,10,49
801,Kelechi Iheanacho,2015-2016,1996,18,Manchester City,Nigeria,110000,6300000,FW,26,751,8,346,1,1,0,19,5,28,12,0,3,1,0,0,3,0,0,1,10,0,3,17,0,14,0,0,6,14,49
802,Kelechi Iheanacho,2016-2017,1996,19,Manchester City,Nigeria,6300000,13500000,FW,20,527,4,192,3,0,0,15,4,22,7,0,2,0,0,0,6,3,3,0,4,0,0,8,0,6,0,0,2,5,25
803,Kelechi Iheanacho,2017-2018,1996,21,Leicester City,Nigeria,13500000,13500000,FW,21,824,3,246,3,2,0,14,7,29,11,2,3,1,0,0,4,9,18,0,5,2,3,17,0,9,0,0,4,6,18
804,Kelechi Iheanacho,2018-2019,1996,21,Leicester City,Nigeria,13500000,10800000,FW,30,930,1,276,3,2,0,21,6,18,6,0,1,0,0,0,8,7,12,0,6,0,2,14,0,6,0,0,2,14,36
809,Kenneth Zohore,2018-2019,1994,24,Cardiff City,Denmark,8800000,6300000,FW,19,746,1,136,1,1,0,12,5,17,8,0,5,0,0,0,4,0,9,0,7,2,2,13,0,3,0,0,5,41,75
846,Laurent Depoitre,2017-2018,1988,29,Huddersfield Town,Belgium,7150000,4050000,FW,33,1808,6,482,1,1,0,15,3,25,12,1,24,2,0,0,6,1,13,0,3,3,11,28,0,14,0,0,35,127,144
847,Laurent Depoitre,2018-2019,1988,29,Huddersfield Town,Belgium,4050000,3150000,FW,23,1062,0,274,1,1,0,13,4,30,6,1,6,0,0,0,7,0,24,0,4,0,2,19,0,6,0,0,8,81,91
863,Leonardo Ulloa,2015-2016,1986,29,Leicester City,Argentina,9300000,7200000,FW,29,968,6,399,2,0,0,22,5,33,10,0,15,2,1,0,6,2,5,0,9,0,7,20,0,27,0,0,21,53,103
864,Leonardo Ulloa,2016-2017,1986,30,Leicester City,Argentina,7200000,5400000,FW,16,435,1,233,0,0,0,13,0,11,5,0,5,1,0,0,4,0,2,0,0,0,3,20,0,11,0,0,8,48,65
865,Leonardo Ulloa,2017-2018,1986,31,Brighton and Hove Albion,Argentina,5400000,4500000,FW,14,281,1,134,0,0,0,12,2,2,2,0,3,1,0,0,4,1,0,0,0,0,0,7,0,4,0,0,4,26,46
869,Leroy Sané,2016-2017,1996,20,Manchester City,Germany,19500000,31500000,FW,26,1786,5,691,3,4,0,6,12,33,14,2,3,0,0,0,12,0,6,26,52,1,17,14,0,35,0,0,5,19,20
870,Leroy Sané,2017-2018,1996,21,Manchester City,Germany,31500000,81000000,FW,32,2422,10,1091,15,4,0,5,9,57,20,2,1,0,0,0,7,2,37,55,93,1,13,24,0,27,0,0,6,16,14
871,Leroy Sané,2018-2019,1996,22,Manchester City,Germany,81000000,90000000,FW,31,1867,10,847,10,0,0,10,10,56,24,3,1,0,0,0,18,7,32,50,98,2,8,9,0,24,0,0,2,10,23
877,Loïc Rémy,2015-2016,1987,28,Chelsea,France,11300000,8100000,FW,13,285,1,101,0,0,0,10,3,13,5,0,4,0,0,0,5,0,1,0,4,0,0,1,0,0,0,0,4,6,14
881,Lucas Moura,2018-2019,1992,25,Tottenham,Brazil,25200000,36000000,FW,32,2128,10,723,0,3,0,7,13,45,20,1,20,0,0,0,14,5,25,0,19,1,24,25,0,34,0,0,24,34,58
882,Lucas Pérez,2018-2019,1988,29,West Ham United,Spain,13500000,3600000,FW,15,466,3,143,0,0,0,11,4,9,3,0,2,0,0,0,3,1,6,0,2,0,2,5,0,6,0,0,3,3,14
883,Lucas Pérez,2016-2017,1988,28,Arsenal,Spain,13500000,16700000,FW,11,265,1,116,0,0,0,9,2,9,4,1,0,0,0,0,0,0,1,1,9,0,2,2,0,3,0,0,1,2,2
885,Luciano Narsingh,2017-2018,1990,27,Swansea City,Netherlands,4500000,4500000,FW,18,617,1,194,0,0,0,13,4,5,5,1,0,0,0,0,4,0,0,0,23,0,3,3,0,7,0,0,3,2,15
887,Luciano Vietto,2018-2019,1993,24,Fulham,Argentina,6300000,6300000,FW,20,985,0,386,4,0,0,10,7,24,8,0,0,1,0,0,0,0,16,0,19,0,6,13,0,14,0,0,5,5,7
898,M'Baye Niang,2016-2017,1994,21,Watford,Senegal,13500000,16500000,FW,16,1254,2,405,2,2,0,1,9,32,13,0,4,1,0,0,5,2,0,2,37,1,11,24,0,11,0,0,9,15,49
902,Mame Biram Diouf,2015-2016,1987,27,Stoke City,Senegal,10000000,7200000,FW,26,1269,5,264,0,3,0,14,5,31,16,0,7,5,0,0,8,1,7,0,8,1,5,21,0,18,0,0,18,34,53
903,Mame Biram Diouf,2016-2017,1987,28,Stoke City,Senegal,7200000,6300000,FW,27,1382,1,363,2,3,0,12,9,20,4,0,19,0,0,0,10,0,4,0,26,3,18,28,0,35,0,0,37,81,70
904,Mame Biram Diouf,2017-2018,1987,30,Stoke City,Senegal,6300000,6300000,FW,35,2601,6,558,2,6,0,5,11,59,20,0,43,1,0,0,23,0,39,0,34,0,14,38,0,48,0,0,70,145,160
905,Manolo Gabbiadini,2016-2017,1991,24,Southampton,Italy,18700000,13500000,FW,11,731,4,117,0,1,0,1,8,29,11,0,8,0,0,0,10,0,3,0,3,0,3,8,0,2,0,0,10,9,22
906,Manolo Gabbiadini,2017-2018,1991,26,Southampton,Italy,13500000,10800000,FW,28,1074,5,223,0,2,0,17,8,22,10,2,3,0,1,0,10,1,12,0,5,0,4,14,0,3,0,0,6,14,36
907,Manolo Gabbiadini,2018-2019,1991,26,Southampton,Italy,10800000,10800000,FW,12,470,1,121,0,0,0,8,2,20,8,0,3,0,0,0,1,1,12,0,4,0,3,9,0,6,0,0,5,8,29
918,Marc Pugh,2015-2016,1987,28,AFC Bournemouth,England,1350000,1800000,FW,26,1334,3,501,2,1,0,11,10,22,11,1,8,0,0,0,0,1,2,18,45,0,16,10,0,32,0,0,13,14,31
927,Marcus Rashford,2015-2016,1997,17,Manchester United,England,3300000,5400000,FW,11,861,5,199,2,0,0,0,7,16,8,0,4,0,0,0,4,0,3,0,6,4,2,5,0,7,0,0,9,3,18
928,Marcus Rashford,2016-2017,1997,18,Manchester United,England,5400000,16200000,FW,32,1701,5,544,1,3,0,16,8,44,17,1,0,0,0,0,11,0,4,19,83,0,12,16,0,16,0,0,6,4,24
929,Marcus Rashford,2017-2018,1997,20,Manchester United,England,16200000,58500000,FW,35,1807,7,576,5,3,0,18,10,61,21,2,8,2,0,0,9,8,40,41,81,0,8,21,0,14,0,0,14,18,25
930,Marcus Rashford,2018-2019,1997,20,Manchester United,England,58500000,72000000,FW,33,2342,10,666,6,3,1,7,15,84,40,0,13,0,0,1,15,3,44,23,55,0,3,26,0,24,0,0,24,29,44
938,Marko Arnautovic,2015-2016,1989,26,West Ham United,Austria,5500000,9000000,FW,34,2818,11,1081,6,2,0,1,14,70,22,4,2,0,3,0,32,9,10,1,56,0,28,49,0,53,0,0,14,7,17
939,Marko Arnautovic,2016-2017,1989,27,West Ham United,Austria,9000000,13500000,FW,32,2724,6,861,5,9,1,0,11,60,19,2,4,0,0,0,32,8,12,20,110,2,25,41,0,32,0,0,20,13,32
940,Marko Arnautovic,2017-2018,1989,28,West Ham United,Austria,13500000,22500000,FW,31,2322,11,684,6,5,1,3,13,71,33,5,19,0,0,0,43,9,38,3,61,3,13,35,0,21,0,0,32,22,40
941,Marko Arnautovic,2018-2019,1989,29,West Ham United,Austria,22500000,31500000,FW,28,1999,10,640,4,3,0,4,14,62,32,1,3,1,1,0,21,6,30,0,18,2,3,30,0,9,0,0,5,24,26
944,Marouane Chamakh,2015-2016,1984,31,Crystal Palace,Morocco,2200000,1800000,FW,10,250,0,93,0,1,0,9,1,2,1,0,3,0,0,0,4,0,1,0,1,2,1,7,0,7,0,0,3,8,14
963,Matej Vydra,2018-2019,1992,26,Burnley,Czech Republic,11000000,7200000,FW,13,313,0,73,0,0,0,10,3,6,3,0,3,0,0,0,2,0,3,0,0,1,0,7,0,2,0,0,6,5,12
977,Matthew Jarvis,2015-2016,1986,29,Norwich City,England,2700000,2700000,FW,22,1093,1,268,1,0,0,9,10,10,4,0,3,0,0,0,2,0,0,14,86,2,6,4,0,13,0,0,4,6,19
982,Mauro Zárate,2015-2016,1987,28,West Ham United,Argentina,3300000,2700000,FW,15,790,3,263,0,1,0,6,8,29,11,2,0,0,0,1,0,0,0,27,61,0,7,12,0,25,0,0,8,3,7
984,Max-Alain Gradel,2015-2016,1987,28,AFC Bournemouth,Cote D'Ivoire,5850000,8100000,FW,14,899,1,286,0,1,0,3,11,18,6,0,2,0,0,0,3,0,2,14,46,1,13,11,0,23,0,0,5,5,7
985,Max-Alain Gradel,2016-2017,1987,29,AFC Bournemouth,Cote D'Ivoire,8100000,6300000,FW,11,125,0,54,0,3,0,11,0,5,2,0,2,0,0,0,2,0,0,5,8,0,3,4,0,4,0,0,4,2,4
991,Memphis Depay,2015-2016,1994,21,Manchester United,Netherlands,30800000,22500000,FW,29,1474,2,642,0,2,0,13,6,57,17,2,5,0,0,0,8,0,5,38,89,1,10,20,0,13,0,0,8,8,16
1003,Michail Antonio,2015-2016,1990,25,West Ham United,England,7700000,9900000,FW,26,2062,8,523,3,3,0,3,8,54,20,2,24,6,0,0,11,1,6,0,68,4,57,27,0,37,1,0,45,39,34
1004,Michail Antonio,2016-2017,1990,26,West Ham United,England,8100000,16200000,FW,29,2439,9,638,3,4,1,0,6,77,23,2,17,7,0,0,20,3,7,0,94,2,27,31,1,32,1,0,38,57,104
1005,Michail Antonio,2018-2019,1990,28,West Ham United,England,16500000,16500000,FW,33,2099,6,668,4,3,0,11,7,65,25,6,7,3,0,0,10,5,40,0,50,3,18,34,0,23,0,0,21,80,105
1007,Michy Batshuayi,2016-2017,1993,22,Chelsea,Belgium,16500000,22500000,FW,20,239,5,80,1,0,0,19,1,17,8,1,1,0,0,0,4,2,2,0,2,0,2,9,0,2,0,0,1,3,5
1008,Michy Batshuayi,2017-2018,1993,24,Chelsea,Belgium,22500000,36000000,FW,12,353,2,96,1,0,0,9,2,13,5,0,2,1,0,0,6,0,8,0,0,0,1,4,0,5,0,1,3,7,14
1009,Michy Batshuayi,2018-2019,1993,24,Crystal Palace,Belgium,36000000,27000000,FW,11,756,5,163,0,0,0,2,8,27,10,0,0,0,0,0,12,1,17,0,1,3,3,7,0,2,0,0,0,12,32
1017,Modou Barrow,2015-2016,1992,22,Swansea City,Gambia,1650000,2700000,FW,22,781,1,206,0,0,0,16,4,11,4,0,2,0,0,0,3,1,0,0,28,0,8,3,0,18,0,0,5,3,22
1018,Modou Barrow,2016-2017,1992,23,Swansea City,Gambia,2700000,2700000,FW,18,1149,0,299,2,1,0,6,9,15,3,0,1,0,0,0,10,0,1,3,59,0,6,15,0,22,0,0,7,6,27
1024,Mohamed Elyounoussi,2018-2019,1994,23,Southampton,Norway,13500000,13500000,FW,16,790,0,222,0,0,0,8,5,20,6,2,1,0,0,0,2,2,14,24,48,1,6,10,0,16,0,0,5,9,15
1025,Mohamed Salah,2017-2018,1992,25,Liverpool,Egypt,88000000,135000000,FW,36,2921,32,946,10,1,0,2,17,144,67,3,2,2,1,0,17,8,77,62,86,0,5,16,0,12,0,0,3,13,35
1026,Mohamed Salah,2018-2019,1992,26,Liverpool,Egypt,135000000,165000000,FW,38,3256,22,1079,8,0,0,0,13,137,64,2,1,0,3,0,27,19,73,35,57,0,5,25,0,21,0,0,4,11,60
1058,Nathan Dyer,2015-2016,1987,27,Leicester City,England,5000000,3600000,FW,13,231,1,74,0,1,0,13,0,5,0,0,0,1,0,0,0,1,0,0,6,0,1,9,0,4,0,0,0,1,6
1079,Nikica Jelavic,2015-2016,1985,30,West Ham United,Croatia,4600000,3600000,FW,13,339,1,74,0,1,0,12,0,11,1,0,3,0,0,0,6,0,0,0,4,0,3,7,0,3,0,0,4,10,21
1084,Odion Ighalo,2015-2016,1989,26,Watford,Nigeria,4400000,10800000,FW,37,3151,15,722,3,4,0,1,8,109,48,2,20,1,0,0,27,4,17,0,15,2,15,47,0,27,0,0,27,25,74
1085,Odion Ighalo,2016-2017,1989,27,Watford,Nigeria,10800000,6300000,FW,18,1291,1,296,1,1,0,4,4,37,10,0,1,0,0,0,9,1,4,0,5,1,3,17,0,10,0,0,3,16,45
1089,Oliver McBurnie,2017-2018,1996,21,Swansea City,Scotland,225000,3600000,FW,11,269,0,99,1,0,0,9,2,3,3,0,3,0,0,0,0,1,0,0,3,0,0,4,0,4,0,0,3,22,20
1090,Olivier Giroud,2017-2018,1986,31,Chelsea,France,24200000,23200000,FW,29,984,7,375,1,0,0,22,4,48,15,3,7,4,0,0,5,5,33,0,3,0,2,13,0,9,0,0,9,69,44
1091,Olivier Giroud,2018-2019,1986,31,Chelsea,France,16200000,13500000,FW,27,833,2,261,4,1,0,20,5,32,10,1,6,1,0,0,6,0,22,0,1,1,3,12,0,3,0,0,6,38,22
1092,Olivier Giroud,2015-2016,1986,28,Arsenal,France,26200000,27500000,FW,38,2424,16,839,6,2,0,12,8,101,43,3,19,7,1,0,26,11,13,0,25,4,10,40,0,34,0,1,26,102,92
1093,Olivier Giroud,2016-2017,1986,29,Arsenal,France,22500000,19800000,FW,29,1194,12,369,3,2,0,18,7,39,20,1,12,6,0,0,12,4,3,0,3,4,8,21,0,14,0,0,17,50,40
1099,Oumar Niasse,2016-2017,1990,26,Hull City,Senegal,10800000,8100000,FW,17,1095,4,235,1,3,0,5,3,26,8,0,11,0,0,0,11,0,2,0,13,0,0,17,0,10,0,0,13,25,44
1100,Oumar Niasse,2017-2018,1990,27,Everton,Senegal,8100000,7200000,FW,22,1081,8,250,2,2,0,12,6,37,18,3,4,1,0,0,20,2,19,1,7,2,2,31,0,10,0,0,6,0,68
1101,Oumar Niasse,2018-2019,1990,28,Cardiff City,Senegal,7200000,5400000,FW,18,998,0,189,0,0,0,6,10,20,7,1,5,0,0,0,10,0,13,0,5,0,2,11,0,12,0,0,7,41,75
1107,Papiss Cissé,2015-2016,1985,30,Newcastle United,Senegal,7500000,4500000,FW,21,1070,3,405,0,1,0,7,11,23,9,0,7,2,0,0,19,0,1,0,8,1,3,13,0,10,0,0,10,25,47
1123,Pedro,2015-2016,1987,28,Chelsea,Spain,15000000,20700000,FW,29,2040,7,971,2,3,0,5,15,57,16,0,2,0,0,0,5,4,4,16,83,0,23,23,0,37,1,0,5,8,18
1124,Pedro,2016-2017,1987,29,Chelsea,Spain,20700000,25200000,FW,35,2151,9,947,9,6,0,9,20,59,17,2,3,2,0,0,8,15,2,21,72,1,21,33,0,48,0,0,11,7,21
1125,Pedro,2017-2018,1987,30,Chelsea,Spain,25200000,22500000,FW,31,1523,4,654,2,1,0,14,13,56,20,1,1,0,0,0,15,3,36,3,46,1,13,9,0,20,0,0,6,0,18
1126,Pedro,2018-2019,1987,31,Chelsea,Spain,22500000,18000000,FW,31,1780,8,1066,2,2,0,10,12,57,25,0,2,0,0,0,8,7,32,5,61,2,18,17,0,27,0,0,8,9,14
1132,Peter Crouch,2015-2016,1981,34,Stoke City,England,1350000,1350000,FW,11,457,0,152,0,0,0,7,0,7,3,0,7,0,0,0,9,0,0,0,1,0,4,13,0,3,0,0,9,50,33
1133,Peter Crouch,2016-2017,1981,35,Stoke City,England,1350000,1350000,FW,27,1335,7,496,2,3,0,14,5,37,16,0,21,3,0,0,7,2,5,0,0,4,3,26,0,4,0,0,26,171,70
1134,Peter Crouch,2017-2018,1981,36,Stoke City,England,1350000,900000,FW,31,1555,5,634,2,4,0,17,4,23,9,2,28,3,0,0,14,1,14,0,3,4,1,40,0,2,0,0,31,243,132
1150,Philippe Coutinho,2015-2016,1992,23,Liverpool,Brazil,22000000,31500000,FW,26,2003,8,1092,5,2,1,2,11,111,30,3,1,0,0,0,5,15,3,36,57,1,17,10,0,35,0,0,7,5,23
1151,Philippe Coutinho,2016-2017,1992,24,Liverpool,Brazil,31500000,40500000,FW,31,2243,13,1402,7,2,0,3,19,106,38,1,1,0,0,3,4,15,4,92,126,0,18,18,0,35,0,0,5,6,32
1153,Pierre-Emerick Aubameyang,2017-2018,1989,28,Arsenal,Gabon,71500000,82500000,FW,13,1058,10,317,4,0,0,1,2,31,19,0,2,0,1,0,10,1,12,0,16,1,3,1,0,5,0,0,7,8,28
1154,Pierre-Emerick Aubameyang,2018-2019,1989,29,Arsenal,Gabon,82500000,77000000,FW,36,2731,22,692,5,0,0,6,11,94,40,4,6,0,4,0,23,3,54,0,43,0,8,13,0,21,0,0,18,32,83
1160,Raúl Jiménez,2018-2019,1991,27,Wolves,Mexico,16500000,31500000,FW,38,3122,13,1059,7,0,0,2,16,111,35,3,31,3,2,0,33,13,76,0,27,3,26,42,0,30,0,0,39,78,107
1162,Radamel Falcao,2015-2016,1986,29,Chelsea,Colombia,31500000,13500000,FW,10,228,1,84,0,1,0,9,0,11,0,0,1,1,0,0,2,0,0,0,0,0,3,7,0,2,0,0,1,10,14
1165,Raheem Sterling,2015-2016,1994,20,Manchester City,England,34000000,40500000,FW,31,1925,6,846,2,1,0,8,15,52,22,0,2,0,0,0,5,4,6,5,58,0,16,26,0,34,0,0,3,8,22
1166,Raheem Sterling,2016-2017,1994,21,Manchester City,England,40500000,40500000,FW,33,2515,7,1033,6,7,0,4,13,64,22,3,0,0,0,0,16,4,5,5,84,1,16,36,0,24,0,0,3,12,27
1167,Raheem Sterling,2017-2018,1994,23,Manchester City,England,40500000,81000000,FW,33,2592,18,1170,11,3,1,4,9,87,35,4,5,0,1,0,19,9,52,6,39,0,9,39,0,19,0,0,7,8,24
1168,Raheem Sterling,2018-2019,1994,23,Manchester City,England,81000000,126000000,FW,34,2776,17,1263,10,3,0,3,9,77,39,3,1,2,0,0,13,6,38,19,75,3,17,40,0,32,0,0,4,15,28
1177,Richarlison,2017-2018,1997,20,Watford,Brazil,2200000,22500000,FW,38,2827,5,804,4,4,0,6,10,95,22,2,20,1,0,0,21,2,73,1,51,5,24,37,0,64,0,0,29,120,162
1178,Richarlison,2018-2019,1997,21,Everton,Brazil,22500000,45000000,FW,35,2678,13,793,1,5,1,3,16,83,29,2,29,2,0,0,17,4,54,0,47,2,16,32,0,49,0,0,39,70,154
1179,Rickie Lambert,2015-2016,1982,33,West Bromwich Albion,England,3300000,2250000,FW,19,617,1,272,1,2,0,14,3,14,4,0,5,0,1,0,2,1,0,0,4,0,0,6,0,0,0,0,6,20,37
1181,Riyad Mahrez,2015-2016,1991,24,Leicester City,Algeria,7700000,18000000,FW,37,3052,17,1034,11,1,0,1,24,86,39,2,6,1,4,0,4,18,5,35,114,4,38,19,0,53,0,0,14,35,65
1182,Riyad Mahrez,2016-2017,1991,25,Leicester City,Algeria,18000000,27000000,FW,36,2835,6,1065,3,4,0,3,15,76,29,2,7,0,3,0,8,9,5,54,154,2,29,25,0,36,0,0,15,22,59
1183,Riyad Mahrez,2017-2018,1991,26,Leicester City,Algeria,27000000,45000000,FW,36,2960,12,1276,10,2,0,2,12,73,36,0,5,1,0,1,10,18,37,93,158,1,18,23,0,39,0,0,9,28,52
1187,Robbie Brady,2015-2016,1992,23,Norwich City,Ireland,2200000,5400000,FW,36,2987,3,1138,0,3,0,2,6,53,19,2,42,0,0,0,4,4,0,88,243,3,57,41,1,101,1,0,89,42,26
1195,Roberto Firmino,2015-2016,1991,23,Liverpool,Brazil,27500000,31500000,FW,22,1981,10,998,7,1,0,7,17,63,25,4,8,1,0,0,15,10,6,11,38,2,16,29,0,67,1,0,12,9,62
1196,Roberto Firmino,2016-2017,1991,24,Liverpool,Brazil,31500000,34500000,FW,35,3068,11,1543,7,5,0,1,7,100,45,0,12,3,0,0,19,9,9,5,60,3,26,51,0,58,0,0,14,64,142
1197,Roberto Firmino,2017-2018,1991,25,Liverpool,Brazil,34500000,72000000,FW,37,2776,15,1169,7,1,0,5,20,84,38,1,6,3,1,0,13,17,46,1,43,2,18,57,0,65,0,0,9,46,136
1198,Roberto Firmino,2018-2019,1991,26,Liverpool,Brazil,72000000,72000000,FW,34,2617,12,1279,6,0,0,3,16,75,34,1,13,3,1,0,7,16,41,2,9,1,6,38,0,29,0,0,15,30,76
1204,Romelu Lukaku,2015-2016,1993,22,Everton,Belgium,30800000,36000000,FW,37,3174,18,1098,6,3,0,1,8,118,48,7,4,4,1,0,16,7,18,0,31,3,0,30,0,13,0,0,5,93,144
1205,Romelu Lukaku,2016-2017,1993,23,Everton,Belgium,36000000,45000000,FW,37,3267,25,965,6,3,0,1,2,110,55,3,16,6,1,1,36,9,8,0,45,4,0,33,0,9,0,0,27,136,185
1206,Romelu Lukaku,2017-2018,1993,24,Manchester United,Belgium,45000000,81000000,FW,34,2869,16,721,7,4,0,1,3,86,43,1,15,3,0,0,18,11,43,0,36,2,3,31,0,7,1,0,21,109,100
1207,Romelu Lukaku,2018-2019,1993,25,Manchester United,Belgium,81000000,67500000,FW,32,2130,12,534,0,4,0,10,4,55,32,2,13,2,0,0,23,5,23,0,46,1,2,18,0,8,0,0,19,93,85
1215,Rudy Gestede,2015-2016,1988,26,Aston Villa,Benin,6300000,6300000,FW,18,1657,5,597,0,2,0,18,3,61,18,2,20,3,0,0,6,0,6,0,2,3,6,24,0,11,0,0,29,208,147
1216,Rudy Gestede,2016-2017,1988,27,Middlesbrough,Benin,6300000,6300000,FW,16,525,1,218,0,3,0,12,3,16,5,1,7,0,0,0,3,0,1,0,2,1,2,8,0,6,0,0,9,81,33
1236,Sadio Mané,2015-2016,1992,23,Southampton,Senegal,19800000,27000000,FW,28,2386,1,1044,3,4,0,1,4,27,6,1,35,1,0,0,8,0,3,0,93,11,36,20,0,58,0,1,71,13,22
1237,Sadio Mané,2017-2018,1992,25,Liverpool,Senegal,36000000,63000000,FW,29,2206,10,962,7,3,1,1,18,70,26,3,6,0,0,0,12,10,44,1,32,0,9,24,0,28,0,0,7,27,61
1238,Sadio Mané,2018-2019,1992,26,Liverpool,Senegal,63000000,108000000,FW,36,3085,22,1184,1,0,0,1,10,87,42,5,2,6,0,0,25,14,45,2,39,4,15,34,0,34,0,0,8,37,76
1239,Sadio Mané,2016-2017,1992,24,Liverpool,Senegal,27000000,36000000,FW,27,2240,13,1020,5,4,0,1,13,57,24,2,5,1,0,0,13,3,3,1,41,0,8,32,0,23,0,0,10,42,75
1240,Saido Berahino,2016-2017,1993,22,Stoke City,Burundi,13500000,13500000,FW,17,966,0,168,0,1,0,6,9,19,9,0,1,0,0,0,8,1,4,0,1,1,1,20,0,9,0,0,2,4,29
1241,Saido Berahino,2017-2018,1993,24,Stoke City,Burundi,13500000,7200000,FW,15,485,0,95,1,0,0,12,2,10,4,0,0,0,0,0,4,1,6,0,4,1,1,6,0,2,0,0,2,6,19
1242,Salomón Rondón,2016-2017,1989,26,West Bromwich Albion,Venezuela,18700000,13500000,FW,38,2895,8,722,2,2,0,6,11,94,26,2,32,5,0,0,29,6,8,0,9,2,7,41,0,18,1,0,41,107,216
1243,Salomón Rondón,2017-2018,1989,28,West Bromwich Albion,Venezuela,13500000,11700000,FW,36,2771,7,833,3,4,0,4,9,79,29,2,17,1,0,0,28,4,50,0,35,0,15,42,0,14,0,0,20,165,208
1244,Salomón Rondón,2018-2019,1989,28,Newcastle United,Venezuela,11700000,13500000,FW,32,2608,11,735,7,0,0,2,8,89,29,6,26,2,0,1,20,4,60,0,14,3,5,22,0,8,0,0,38,146,234
1245,Salomón Rondón,2015-2016,1989,25,West Bromwich Albion,Venezuela,15300000,15300000,FW,37,2604,11,964,6,4,2,7,15,86,34,1,6,1,0,0,27,5,12,1,68,0,35,44,0,54,0,0,14,29,47
1252,Sam Vokes,2016-2017,1989,26,Burnley,Wales,3850000,4400000,FW,37,2055,10,602,3,0,0,16,7,57,23,0,27,2,2,0,23,3,3,0,7,8,5,24,0,7,0,0,31,212,209
1253,Sam Vokes,2017-2018,1989,28,Burnley,Wales,4000000,5400000,FW,30,980,4,265,1,3,0,23,3,33,8,1,13,2,0,0,12,0,25,0,1,2,3,20,0,3,0,0,14,124,98
1254,Sam Vokes,2018-2019,1989,28,Burnley,Wales,5400000,4500000,FW,20,914,3,268,0,0,0,10,8,22,7,0,15,3,0,0,7,0,15,0,0,1,0,14,0,4,0,0,17,125,108
1255,Samir Nasri,2015-2016,1987,28,Manchester City,Venezuela,23100000,13500000,FW,34,2564,9,630,2,1,0,4,15,71,21,0,35,4,0,0,26,1,7,0,32,0,14,35,0,9,0,0,45,91,163
1266,Scott Sinclair,2015-2016,1989,26,Aston Villa,Spain,2150000,3150000,FW,15,1292,0,1228,3,2,1,0,2,24,8,0,10,0,0,0,2,16,1,41,59,1,26,13,0,28,0,0,15,1,6
1282,Sergio Agüero,2015-2016,1988,27,Manchester City,Argentina,50000000,54000000,FW,30,2373,24,727,2,1,0,1,16,119,52,4,0,5,4,0,27,6,16,0,20,1,6,20,0,15,0,0,0,9,20
1283,Sergio Agüero,2016-2017,1988,28,Manchester City,Argentina,54000000,58500000,FW,31,2403,20,771,3,4,1,6,8,139,53,2,1,2,4,0,23,4,13,0,17,1,3,23,0,18,0,0,1,7,30
1284,Sergio Agüero,2017-2018,1988,29,Manchester City,Argentina,58500000,72000000,FW,25,1969,21,628,6,2,0,3,9,94,42,3,1,5,4,0,16,4,52,1,16,1,6,10,0,9,0,0,3,10,19
1285,Sergio Agüero,2018-2019,1988,30,Manchester City,Argentina,72000000,58500000,FW,33,2479,21,771,8,0,0,2,23,118,43,8,0,2,2,0,26,6,75,1,13,1,9,21,0,17,0,0,3,17,22
1288,Shane Long,2015-2016,1987,28,Southampton,Ireland,9900000,9000000,FW,28,2111,10,595,4,2,0,5,5,63,22,3,14,5,0,0,25,3,12,0,51,3,20,43,0,15,0,0,21,82,89
1289,Shane Long,2016-2017,1987,29,Southampton,Ireland,9000000,8100000,FW,32,1248,3,306,1,2,0,22,6,41,15,0,12,1,0,0,12,0,7,0,24,4,5,28,0,12,0,0,14,45,64
1290,Shane Long,2017-2018,1987,30,Southampton,Ireland,8100000,6300000,FW,30,1578,2,395,1,6,0,15,10,33,13,0,26,0,0,0,14,1,20,0,21,2,12,34,0,25,0,0,29,77,113
1291,Shane Long,2018-2019,1987,31,Southampton,Ireland,6300000,6300000,FW,26,1270,5,305,1,3,0,14,11,30,10,1,16,0,0,0,12,0,20,0,14,1,7,26,0,15,0,0,18,72,100
1292,Shinji Okazaki,2015-2016,1986,29,Leicester City,Japan,7000000,9000000,FW,36,2070,5,542,0,1,0,8,25,46,12,2,5,1,0,0,8,1,7,0,9,3,15,31,0,37,0,0,6,53,132
1293,Shinji Okazaki,2016-2017,1986,30,Leicester City,Japan,9000000,6300000,FW,30,1572,3,438,1,1,0,9,20,29,9,1,5,0,0,0,4,3,2,0,4,2,12,28,0,30,0,0,5,26,87
1294,Shinji Okazaki,2017-2018,1986,31,Leicester City,Japan,6300000,5400000,FW,27,1328,6,386,2,2,0,10,15,28,16,0,4,1,0,0,9,2,12,0,6,1,8,20,0,25,0,0,5,0,58
1295,Shinji Okazaki,2018-2019,1986,32,Leicester City,Japan,5400000,3600000,FW,21,270,0,94,1,0,0,20,1,5,4,0,0,0,0,0,3,1,1,0,0,1,2,6,0,5,0,0,0,8,14
1311,Son Heung-Min,2015-2016,1992,23,Tottenham,South Korea,17600000,22500000,FW,28,1105,4,447,1,0,0,15,12,38,13,0,3,0,0,0,9,1,3,9,14,1,12,12,0,27,0,0,7,8,17
1312,Son Heung-Min,2016-2017,1992,24,Tottenham,South Korea,22500000,27000000,FW,34,2068,14,775,6,2,0,11,15,80,33,4,3,0,0,0,22,0,5,29,62,1,7,9,0,19,0,0,6,10,23
1313,Son Heung-Min,2017-2018,1992,25,Tottenham,South Korea,27000000,45000000,FW,37,2309,12,916,6,0,0,10,20,75,33,2,2,2,0,0,25,6,42,4,51,0,10,15,0,17,0,0,9,3,13
1314,Son Heung-Min,2018-2019,1992,26,Tottenham,South Korea,45000000,72000000,FW,31,2045,12,752,6,2,1,8,16,74,29,0,0,0,0,0,22,5,45,5,25,2,8,12,0,23,0,0,4,4,31
1315,Stéphane Sessègnon,2015-2016,1984,31,West Bromwich Albion,Benin,2000000,1800000,FW,25,1758,2,552,2,1,0,4,12,31,10,0,4,0,0,0,2,5,0,28,94,0,15,17,0,19,0,0,6,9,28
1317,Stefano Okaka,2016-2017,1989,26,Watford,Italy,7150000,5400000,FW,19,954,4,230,0,5,0,9,5,27,12,1,5,1,0,0,11,0,1,0,5,1,0,30,0,12,0,0,10,40,53
1318,Stefano Okaka,2017-2018,1989,28,Watford,Italy,5400000,4500000,FW,15,445,1,154,1,2,0,12,3,10,3,1,0,1,0,0,4,2,7,0,1,0,0,21,0,6,0,0,0,22,30
1328,Steve Mounie,2017-2018,1994,23,Huddersfield Town,Benin,6050000,9000000,FW,28,1858,7,523,1,2,0,7,9,49,21,2,22,3,0,0,23,2,28,0,9,3,7,28,0,11,0,0,29,146,134
1329,Steve Mounie,2018-2019,1994,24,Huddersfield Town,Benin,9000000,9000000,FW,31,1776,2,557,3,1,1,12,10,61,23,2,11,1,0,0,15,0,38,0,9,1,5,32,0,9,0,0,15,212,134
1335,Steven Fletcher,2015-2016,1987,28,Sunderland,Scotland,5000000,2700000,FW,16,1016,4,290,0,0,0,5,9,25,10,0,4,2,0,0,8,6,1,0,8,2,3,19,0,11,0,0,6,64,91
1336,Steven Naismith,2015-2016,1986,28,Norwich City,Scotland,4400000,5400000,FW,15,1330,4,501,1,3,0,8,13,25,9,0,7,1,0,0,9,3,2,1,13,0,7,30,0,23,0,0,8,21,52
1342,Tammy Abraham,2017-2018,1997,20,Swansea City,England,8800000,28800000,FW,31,1720,5,300,1,0,0,16,6,42,15,0,8,0,0,0,9,2,27,0,13,1,1,15,0,10,0,0,11,39,58
1345,Theo Walcott,2017-2018,1989,28,Everton,England,19800000,18000000,FW,20,1216,3,326,3,2,0,7,2,19,9,0,5,0,0,0,12,0,10,3,48,0,9,7,0,28,0,0,11,7,19
1346,Theo Walcott,2015-2016,1989,26,Arsenal,England,22000000,22000000,FW,28,1374,5,310,2,0,0,13,13,45,22,0,0,0,0,0,13,3,11,4,20,0,14,3,0,11,1,0,8,5,14
1347,Theo Walcott,2016-2017,1989,27,Arsenal,England,27500000,24800000,FW,28,1925,10,538,2,1,0,5,13,62,29,3,9,0,0,0,17,5,6,5,49,1,13,14,0,36,0,0,13,21,39
1348,Theo Walcott,2018-2019,1989,29,Everton,England,18000000,16200000,FW,37,2122,5,576,2,1,0,13,16,43,21,0,3,0,0,0,19,0,22,2,53,1,22,10,0,27,0,0,6,16,46
1371,Tomer Hemed,2017-2018,1987,30,Brighton and Hove Albion,Israel,2250000,2250000,FW,16,848,2,234,2,0,0,7,6,17,7,1,8,1,0,0,7,0,10,0,1,1,2,10,0,7,0,0,12,67,88
1377,Troy Deeney,2015-2016,1988,27,Watford,England,8000000,9900000,FW,38,3291,13,1289,7,6,0,2,3,94,32,1,36,3,6,0,18,9,3,2,27,4,17,50,0,49,0,1,48,235,212
1378,Troy Deeney,2016-2017,1988,28,Watford,England,9900000,9900000,FW,37,2941,10,841,4,7,0,6,3,42,18,0,37,2,3,0,19,5,7,2,16,4,14,43,0,20,0,1,50,192,268
1379,Troy Deeney,2017-2018,1988,29,Watford,England,9900000,9000000,FW,29,1841,5,542,2,1,1,9,6,36,15,0,14,0,3,0,16,1,21,0,7,1,5,24,0,15,0,0,20,135,186
1380,Troy Deeney,2018-2019,1988,30,Watford,England,9000000,9000000,FW,32,2547,9,827,5,4,1,4,6,64,30,1,23,3,0,0,13,6,34,1,16,4,7,42,0,24,0,0,28,209,228
1386,Victor Anichebe,2015-2016,1988,27,West Bromwich Albion,Nigeria,3850000,1800000,FW,10,365,0,108,0,0,0,7,2,13,4,2,7,0,0,0,4,1,1,0,2,0,2,2,0,2,0,0,8,28,19
1387,Victor Anichebe,2016-2017,1988,28,Sunderland,Nigeria,1800000,1350000,FW,18,1216,3,366,0,2,0,4,2,30,9,1,23,0,0,0,6,0,1,0,37,1,8,27,0,9,0,0,30,79,50
1390,Victor Moses,2015-2016,1990,24,West Ham United,Nigeria,6300000,6300000,FW,21,981,1,280,2,0,0,8,11,22,4,1,3,0,0,0,6,1,3,6,35,0,10,17,0,13,0,0,3,7,14
1391,Victor Moses,2016-2017,1990,25,Chelsea,Nigeria,6300000,16200000,FW,34,2494,3,1010,2,4,0,5,20,45,15,2,30,0,0,0,3,3,2,10,120,7,41,28,0,47,0,0,48,35,57
1398,Vincent Janssen,2016-2017,1994,22,Tottenham,Netherlands,11700000,11700000,FW,27,832,2,225,2,0,0,20,4,30,14,1,2,0,1,0,8,1,5,0,10,0,2,31,0,15,0,0,2,3,14
1408,Wahbi Khazri,2015-2016,1991,24,Sunderland,Tunisia,7700000,8100000,FW,14,1077,2,327,1,3,0,1,7,24,0,2,1,0,0,1,4,1,0,57,88,0,14,18,0,27,0,0,8,5,14
1410,Wayne Rooney,2015-2016,1985,29,Manchester United,England,40000000,31500000,FW,28,2410,8,1144,6,4,0,1,4,72,25,0,7,0,1,0,15,4,3,5,51,7,9,28,0,29,0,0,15,25,57
1411,Wayne Rooney,2016-2017,1985,30,Manchester United,England,31500000,13500000,FW,25,1539,5,779,5,8,0,10,9,52,19,1,6,1,1,1,7,4,6,50,97,3,17,23,0,21,0,0,10,12,36
1412,Wayne Rooney,2017-2018,1985,32,Everton,England,13500000,9000000,FW,31,2282,10,1162,2,5,0,4,20,45,17,1,16,2,3,0,8,9,28,30,62,6,16,35,0,28,0,0,36,25,34
1426,Wilfried Bony,2015-2016,1988,26,Manchester City,Cote D'Ivoire,22500000,19800000,FW,26,1223,4,408,3,1,0,13,9,60,17,1,6,2,0,0,7,6,4,0,1,1,2,17,0,9,0,0,8,48,46
1427,Wilfried Bony,2016-2017,1988,27,Stoke City,Cote D'Ivoire,19800000,16200000,FW,10,690,2,212,0,1,0,1,7,21,5,0,10,1,0,0,2,0,1,0,1,1,3,11,0,5,0,0,10,24,34
1428,Wilfried Bony,2017-2018,1988,29,Swansea City,Cote D'Ivoire,16200000,9000000,FW,15,704,2,208,0,2,0,7,4,20,7,0,10,0,0,0,2,0,13,0,0,1,2,7,0,5,0,0,15,44,59
1429,Wilfried Zaha,2015-2016,1992,22,Crystal Palace,Cote D'Ivoire,6600000,8100000,FW,34,2492,2,554,0,5,0,4,12,32,9,0,2,0,0,0,8,3,3,3,118,0,26,40,0,46,0,0,7,11,19
1430,Wilfried Zaha,2016-2017,1992,23,Crystal Palace,Cote D'Ivoire,8100000,16200000,FW,35,3025,7,696,9,8,0,0,7,49,18,2,2,0,0,0,6,4,6,1,105,0,34,55,0,76,0,0,11,13,24
1431,Wilfried Zaha,2017-2018,1992,25,Crystal Palace,Cote D'Ivoire,16200000,27000000,FW,29,2551,9,623,3,5,0,1,2,64,26,0,0,1,0,0,19,6,38,0,76,0,7,45,0,30,0,0,1,4,15
1432,Wilfried Zaha,2018-2019,1992,25,Crystal Palace,Cote D'Ivoire,27000000,40500000,FW,34,3040,10,1006,5,8,0,0,4,73,27,2,0,0,0,0,16,6,46,2,37,0,10,44,0,39,0,0,1,9,35
1435,Willian,2016-2017,1988,27,Chelsea,Brazil,28800000,28800000,FW,34,1529,8,777,2,3,0,19,13,44,15,1,2,0,0,1,2,8,0,62,106,0,7,12,0,19,0,0,5,1,11
1436,Willian,2015-2016,1988,26,Chelsea,Brazil,28800000,27000000,FW,35,2749,5,1500,6,5,0,3,14,60,20,0,1,0,0,2,3,9,2,137,233,1,20,27,0,42,1,0,5,3,26
1437,Willian,2018-2019,1988,29,Chelsea,Brazil,27000000,36000000,FW,32,2108,3,1230,6,2,0,6,17,62,22,5,6,0,0,0,11,8,40,111,169,1,13,12,0,35,1,0,11,11,23
1460,Yoshinori Muto,2018-2019,1992,26,Newcastle United,Japan,11000000,8100000,FW,17,517,1,113,0,1,0,12,4,6,3,0,2,0,0,0,2,1,3,0,4,0,5,13,0,8,0,0,3,10,27
1467,Zlatan Ibrahimovic,2016-2017,1981,35,Manchester United,Sweden,13500000,9000000,FW,28,2437,17,1041,5,7,0,1,0,115,46,1,18,4,2,0,37,12,18,0,18,1,10,54,0,10,0,0,22,83,84
